Domain,Phones,SocialLinks,Addresses
therealbcmg.com,,https://www.facebook.com/therealbcmg/ | https://twitter.com/The_RealBCMG | https://www.instagram.com/therealbcmg/,
epocheducation.com,+12057477458 | +15103387924,https://www.facebook.com/EpochEducation | https://www.instagram.com/epocheducation/ | https://www.linkedin.com/company/epoch-education-inc/?,
mjwm225.com,,,
keepsakeweddingphotography.com,+18122509883,https://facebook.com/keepsakeweddingphoto/ | https://instagram.com/keepsakeweddingphoto/,
campaigntostopgunviolence.org,+12024080061,,
mompopshop.com,,https://www.instagram.com/momandpopshoptruck/ | https://www.facebook.com/momandpopshoptruck,
globalonefinancialsolutions.com,,,
carolynsnails.com,,https://www.facebook.com/groups/212874133793743,
amfaviation.com,+19319801215,,
cityofmountlaketerrace.com,+14257761161 | +14257769173 | +14256708260 | +14254073999,https://www.linkedin.com/company/18235017,
asuzus.com,,,
jonfoxmusic.com,,,
msjudithsewins.com,+17734300958,https://www.facebook.com/Fabuloushairandweavesalon | https://twitter.com/FabulousWeaves | https://www.linkedin.com/in/judithmarie,
balancedwellnessami.com,+18455324167,https://www.facebook.com/BalancedWellnessAmi | https://www.instagram.com/balancedwellnessami/,
blazingstargrange.org,,,
central-texas-mobile-notary-notary-public.business.site,,,
cryptobroaden.com,,,
actioncomedyfilms.com,,,
drcharlieharper.com,+13108834472,https://www.facebook.com/drcharlieharper/,"1800 N Sepulveda Blvd, Ste 202, Manhattan Beach, CA, 90266"
european-deli.com,,,
the-chimneymasters.com,,,
gambittechconsulting.com,,,
fkideas.com,,,
change-points.com,,,
kccashbuyer.com,+18168047783,,
htiyos.com,,,
beaconhillrealtygroup.com,,,
writingonboard.com,,,
cloudspeed24x7.com,,,
brushsolutions.net,+13807086282,https://www.facebook.com/brushsolutions,
fortcollinsshowerdoor.com,+19702179360,,"2956 Ginnala Dr, B1, LOVELAND, CO 80538"
earthrenovation.net,+13125209918,,"https://goo.gl/maps/hzfDu6CKFrjZXqcR9 | 51 Highwood Ave, Highwood, IL 60040 (https://goo.gl/maps/hzfDu6CKFrjZXqcR9) | 51 Highwood AveHighwood, IL 60040 (https://goo.gl/maps/hzfDu6CKFrjZXqcR9)"
hunterdecuir24.com,,,
earthagent.org,,,
juniorchefsofamerica.org,,,
sunnirey.shop,,,
jettbt.com,+16783875715 | +16783875717,https://www.linkedin.com/company/jett-business-technology?trk=top_nav_home | https://www.facebook.com/JETTBusinessTechnology | https://twitter.com/JETTBusinessTec,"1060 Windward Ridge Pkwy, Suite 150, Alpharetta, GA 30005"
libertybaptist.org,+14082745611,https://www.facebook.com/LBCSanJose | https://www.instagram.com/libertybaptistsj/,
willowglenhomeandgarden.com,+14082861400,http://www.facebook.com/willowglenhomeandgarden,
colonsource.com,,,
bodegaunclick.com,,,
mytomisushi.com,,,
globaltrustbnk.com,,,
designsbydjflorist.com,+13047362550,https://www.facebook.com/CustomDesignsbyDJackson/,
familyintimacy.com,+19807295240,,
maryfrancespencer.com,+18182091854,https://www.facebook.com/mary.f.spencer.9/ | https://www.instagram.com/mf_spencer/,
17thstreetthaisushifl.com,,,
heather-brooks-painted-furniture.ueniweb.com,,https://www.facebook.com/share.php?u=https%3A//heather-brooks-painted-furniture.ueniweb.com&amp;title=Heather%20Brooks%20Painted%20Furniture,"Directions (https://maps.google.com/maps?daddr=37.7619349,-120.8481224&amp;amp;ll=) | 355 Church Ave,, Oakdale,, California,, 95361 (https://maps.google.com/?q=355%20Church%20Ave%2C%20%0AOakdale%2C%20%0ACalifornia%2C%20%0A95361) | 355 Church Ave, 
Oakdale, 
California, 
95361"
pinilishalpern.com,+19734011111,,
bhmedicalsupplies.com,+12015747005,,
rightstudents.org,,,
truelifetx.org,,,
sofloweb.com,+15612902980,https://www.facebook.com/soflowebteam | https://www.linkedin.com/company/sofloweb/ | https://twitter.com/soflowebteam | https://www.instagram.com/soflowebteam,
topbricole.site,,,
ilikeflatroofs.com,,,
medicalcoatings.org,,,
muhlbauerlab.com,,,
slrslingshotrentals.com,,,
carolynlewismed.com,,,
krambu.com,+18334572628,https://www.linkedin.com/company/Krambu | https://www.facebook.com/Krambu-168023693759269/,
hellorichmond.net,,,
positivesideofgolf.com,,,
parklandhairclinic.info,,,
dionisioducusin.com,,,
forsythvet.com,,,
oldtraditiontattoo.com,+13233335394,https://www.instagram.com/teixeira_tattoos | https://www.instagram.com/frost_bot | https://www.instagram.com/justinyuo/ | https://www.instagram.com/teixeira_tattoos/ | https://www.instagram.com/jlb_tattoos/ | https://www.instagram.com/crunchie.mee | https://instagram.com/oldtraditiontattoo | https://www.facebook.com/oldtraditiontattoo?ref=br_tf,
handymanexpressservice.net,,,
redrhinomovers.com,,,
myparee.com,,,
dbdtravel.net,+18663238728,https://www.facebook.com/DestinationsByDesign/ | https://www.instagram.com/destinations_by_design/,
gooddogsfarm.com,,,
singinglessonstemecula.com,+13235731408,http://www.facebook.com/viviengainesvocalstudio,
wadeloans.com,+17262001005,,
mhkeratin.com,+16137925351 | +16137925352,,
ssmobile.store,,,
innsofcourt.org,,,
atlanticsltd.com,,,
kikimo.com,+13108236817,https://twitter.com/KikimoInc | https://instagram.com/kikimoinc/ | https://www.facebook.com/kikimoinc/,
toothfairycleaningservice.com,,,
thefeldenkraiscenter.com,+17149298893,https://www.linkedin.com/in/lori-malkoff-md-mph-6512261a7/,
coltonfamilydental.com,+19098247060,https://twitter.com/share,"895 W Valley Blvd Ste C, Colton, CA, 92324"
the-greenwich.com,+15132211151,https://www.facebook.com/pages/The-Greenwich/132754124391 | http://www.twitter.com/thegreenwich,
cenladerm.com,+13189333376 | +13189333377,https://www.facebook.com/CenLaDerm | https://www.instagram.com/CenLaDerm,
citycanyons.com,+12147483647,https://www.instagram.com/elektragaaz/ | https://www.facebook.com/SynaestheticPictureShow | https://www.facebook.com/ElektronicBuzz/ | https://www.instagram.com/elektragaaz_/ | https://www.facebook.com/UlrichMusic/,
kufflet.com,+17322191604,https://www.facebook.com/kufflet | https://www.instagram.com/kufflet/,
esihealthcaresolutions.com,,,
highbrow-beauty.com,+12177393054 | +19042590470 | +19042590473 | +12163735511 | +16054314825,https://www.facebook.com/permanentmakeupbytasia,
phalanxgrpservices.org,+17732911086,,"837 West 119th Street Chicago, Illinois 60643"
millarandsons.net,,https://www.facebook.com/Millar-and-Sons-Inc-193085170723228/ | https://www.instagram.com/millarandsons/?hl=en,"5400 Tollgate Road, Pipersville, Pa 18947"
easystreetcookies.com,,,
atlantanephrologyassociates.com,,,
tvwelove.com,,,
alibaba-kebab.com,+17169191111 | +17168002222 | +17166083333,https://www.facebook.com/AlibabaKebab716 | https://twitter.com/alibabakebab716 | https://www.instagram.com/alibabakebabbuffalo/?hl=en,
villavieira.com,+18188780300,,"2945 Townsgate Road
Suite 200
Westlake Village, CA 91361"
morenohillssda.org,,,
dewingscenter.org,+12317683519,https://www.linkedin.com/sharing/share-offsite/?url=https://dewingscenter.org/event/fishing-tips-clinic/ | https://www.facebook.com/DewingsCenter/,
clarionstl.com,,,
blueridgechair.com,,https://www.facebook.com/pages/Blue-Ridge-Chair-Works/276930045675311 | https://www.instagram.com/blueridgechairworks/,
romanolawpllc.com,+12489362105 | +12487500270,,
hitsforhomeless.com,,,
yogawithorly.com,,,
secag.org,+14697087818,http://www.facebook.com/keenwise | https://twitter.com/keenwise_inc,
happydaycreations.net,,https://www.facebook.com/happydaycreations,
sben.org,,https://twitter.com/SBENetwork | https://www.linkedin.com/company/southeast-benefits-education-network,
trusted-home-inspection.business.site,,,
gkama.com,,,
realtorhsu.net,+15129689053,https://www.instagram.com/chris_hsu | https://www.facebook.com/christinehsu1,
shah-impex.com,,,
libanswers.shadygrove.umd.edu,+13017386020 | +13017996771 | +13017998771,http://www.facebook.com/USGPriddyLibrary,
lodgelivin.com,,,
origingolf.com,+17605994499,,
3lnotary.com,,,
gforcefoundation.com,,https://www.facebook.com/GForceAR,
govirtualoffice.com,,https://www.facebook.com/govirtualoffice/ | https://twitter.com/goVirtualOffic1 | https://www.linkedin.com/company/govirtualoffice,
d30ufu6vr9yoyg.cloudfront.net,+18007722085,http://facebook.com/WartburgCollege | https://twitter.com/WartburgCollege | https://www.linkedin.com/school/wartburg-college | http://instagram.com/wartburgcollege | https://www.facebook.com/wartburgcollege | https://twitter.com/wartburgcollege | https://www.linkedin.com/edu/wartburg-college-20397 | https://instagram.com/wartburgcollege/,
audinashville.com,+18558946954,https://www.facebook.com/audidowntownnashville | https://twitter.com/AudiDTNashville | https://www.instagram.com/AudiDowntownNashville/ | https://www.facebook.com/pages/Audi-Nashville/162522013767116 | https://twitter.com/audi_nashville | https://www.instagram.com/audi/,
jahmakingsconstruction.com,,,
roland4fairview.com,,,
dskidsermons.com,,,
sinceremobilephlebotomy.net,+16822621935 | +18179393117 | +16823347282,https://www.facebook.com/sincerephlebotomy,
petexplain.com,,,
christinereidphotography.com,+19052160429,https://www.facebook.com/ChristineReidPhoto/ | https://www.instagram.com/christinereidphoto/?hl=en,
callunakennels.com,+16179216197,https://www.facebook.com/101521885534293 | https://www.instagram.com/callunakennels/,
beezneedz.com,,http://instagram.com/shopify,
blackdiamondregulatory.com,+12672513123,,
rainbowphillyweddingofficiants.com,+12158703103,,
car.hk,+85269042300,,
hiddenforestdesign.com,,,
autobodiparts.com,+12025052909 | +13237447383,,"111 Your Street, Your City, Your State 11111 | 111 Your Street, Your City, Your State 11111, Your Country"
dolphinsdigital.org,,,
marylandplatingservicinginc.com,,,
bloggingforextrader.com,,,
projectgestalt.com,,https://www.linkedin.com/company/project-gestalt/about/ | https://www.linkedin.com/in/patty-clark-2874281bb/ | https://www.linkedin.com/in/neil-glenn-jacobson/,
ridgelinehomeinspect.com,+19206094799,,"4414 Crystal Drive, Cecil, Wisconsin 54111"
archaeology.virginia.edu,,https://www.facebook.com/uvaarchaeologyprogram | https://www.instagram.com/uvaarchaeology/,
whymessa.com,+12155683500 | +18568330600 | +12158441614 | +16105185328 | +18568109555 | +12159407700,,
myapexhomeinspection.com,+12085591353,https://www.facebook.com/MyApexHomeInspection/ | https://www.instagram.com/myapexhomeinspection/,
yourtowcompany.com,+14258219004,https://www.facebook.com/yourtowcompany | https://www.instagram.com/yourtowco?igshid=NGVhN2U2NjQ0Yg==,
theblueprintshop.com,+18502242699 | +18502706332,https://www.facebook.com/tallahasseeblueprinting,
serenapezzato.com,,,
50ggirls.com,,,
joyfuladoptions.com,+17032223393 | +17032221101,,
snfdata.com,+18776103282,,
designedbycarla.com,,https://www.facebook.com/designedbycarla | https://www.instagram.com/designedbycarla/ | https://www.linkedin.com/company/designedbycarla,
taam.org,,https://www.facebook.com/100064335412739 | https://twitter.com/TAAMorg | https://www.instagram.com/turkishamericanassociationofmn/ | https://www.facebook.com/BosnianTurkish,
king-alexander.com,,,
sonicshopper.com,,,
creativitythroughconstraints.com,,,
foreverepoxy.com,+15068509956 | +15068781444,https://www.facebook.com/epoxy.forever | https://www.facebook.com/forever.epoxy/,
putitontheglass.com,,,
gougeon.com,,,
alluredesign.org,+12019060415,,
rivertownslp.com,,,
northsidemeadows.com,,,
ngchm.net,+12019080217 | +12018072317 | +12018052716 | +12018082612 | +12018071117 | +12018092411,https://www.facebook.com/NextGenerationClusteredHeatMap | https://twitter.com/nextgenheatmaps,
deperevfw.net,,,
forrestpierce.com,,,
ogcut.com,,https://www.instagram.com/_ogeee,
green-graphixz-clothing-company.business.site,,,
signaturesportsurfaces.com,,,
scottsbluffcountyscanner.com,+19402246211 | +19402246315,https://www.facebook.com/groups/140034503151221 | https://facebook.com/panhandlescanner | https://instagram.com/panhandlescanner | https://twitter.com/sbcoscanner | http://instagram.com/panhandlescanner | http://twitter.com/sbcoscanner,
assemblyninja.com,+19092789985,,
ellen4wcsd.com,,,
biodyn-lifesciences.com,,,
greenissue.eu,,,
sheetmetallocal399.com,,https://www.facebook.com/local399/?fref=ts,
perspicacitylabs.com,,,
theburningship.com,,,
graspinc.org,,https://www.facebook.com/GRASPinc | https://www.instagram.com/grasppetrescue/,
dotsandcubes.com,,,
limitlesscounselingservices.com,,,
darstproperties.com,,,
journey2beme.com,,,
salazarthomas.com,,,
interstatetruck.com,,,
aquamarinejewelrystudio.com,,http://www.instagram.com/aquamarinejewelrystudio | https://www.facebook.com/aquamarinejewelrystudio/ | https://www.facebook.com/groups/151371239459386/,
drmeganseltz.com,+13477534657,,
oldfarmhouseprimitives.com,+16137584612 | +17179406057 | +16137584611,https://www.facebook.com/OldFarmhousePrimitives | https://www.instagram.com/oldfarmhouseprimitives/,"Get directions (https://maps.google.com?daddr=161 S River Street Maytown, PA)"
downunderpottery.com,+14024777655,https://facebook.com/Down-Under-Pottery-291748188809/ | https://instagram.com/downunderpottery,
moving2branson.com,,,
drrudlin.com,+18043531000,,
river-valley-rv-park-tx.business.site,,,
clovercutsandcolor.com,,,
themorvarid.com,,,
hiddengallerywines.com,,https://www.facebook.com/hiddengallerywines | https://www.instagram.com/hiddengallerywines/,
urtubiavielma.com,,https://www.linkedin.com/in/pablourtubia/ | https://www.linkedin.com/in/camila-vielma-reyes-25911941/,
kcc.org,,https://www.facebook.com/KagyuChangchubChuling,https://goo.gl/maps/TWmac5nmZBswqBBZ7
advertiserandmarketersplatform.com,,,
macazancorp.com,,,
pastorecompany.com,,,
carvedsoulsmusic.com,,https://www.facebook.com/CarvedSoulsOfficial/ | https://www.instagram.com/carved_souls/,
virtekcompany.com,,,
saipanyc.com,,,
missinglnk.com,+12024040320,https://www.facebook.com/missinglnk | https://twitter.com/saferideapparel,
theuntamedcreative.co,,,
scentvillage.com,,,
kristyler.com,+16024302769,,
angelabrite.com,,,
thephotoboothunlimited.com,,,
sweetadswebcast.com,+12024102915,http://facebook.com/sweetadelinesintl | http://instagram.com/sweetadelinesintl,
morrisholmes.com,+16305251350,,
fivestarpoollinerswilliamstown.com,+18562946956,,
rubpage.com,,,
miqrotech.com,+18322696639,,
sustainableracine.org,,,
wheeinc.com,,,
exaintelligence.com,+14148408800,,
sagacitystays.com,,,
valezio.com,,,
anthonymarlowe.com,,https://linkedin.com/in/anthonymarlowe,
dafacargo.com,,,
d-l-roofing-and-construction-llc.business.site,,,
clearmirrorhealing.wordpress.com,,http://www.facebook.com/ClearMirrorHealing | https://www.facebook.com/ClearMirrorHealing,
ameecleaning.com,+17855650000,,
avonnylocksmith.com,+15852991038,https://twitter.com/avonnylock,"https://maps.google.com/?cid=8879909396598721332 | 275 E Main St, Avon, NY, 14414"
cindywalker.com,+14798571041 | +14799676969 | +14799672983,http://www.facebook.com/people/Cindy-Baker-Walker/616985612,
wibidata.com,,,
getrazuzz.com,,,
thecollectiveeffect.org,,,
big-dog-boarding.business.site,,,
flash-wingo.com,,,
drfconaway.com,+12284674670,https://www.facebook.com/Dr-Frank-Conaway-1493412994061107/ | https://www.instagram.com/drfconaway/,"292 Hancock Square Bay St. Louis, MS 39520"
dentaltalentnow.com,,,
sanctuaryfarmphila.org,+12677030194,https://www.facebook.com/SanctuaryFarmPhila/ | https://www.instagram.com/sanctuaryfarmphila/,
diecutstickers.com,+12068163421,https://www.facebook.com/diecutstickers | https://www.instagram.com/diecutstickersdotcom/,
crabhouse39.com,+12147483645,https://www.facebook.com/crabhouseatpier39 | https://www.instagram.com/crabhouse39/?ref=badge,
edgeinsurance.biz,,,
barbaranichols.org,+14085503315,,
latinoyouthoutreach.org,,https://www.facebook.com/profile.php?id=100084752890001&amp;mibextid=ZbWKwL | https://www.instagram.com/latinoyouthoutreach?igshid=NmE0MzVhZDY= | https://www.linkedin.com/in/joseph-paniagua-a67034268 | https://www.x.com/@latinoyouth,
kiddnap.com,+66842712233,https://www.facebook.com/KiddNap.MintTower,"719 Mint tower M Floor, Banthat Thong Road Wangmai, Pathumwan, Bangkok 10330"
haciendailusionpr.com,+17873545005,https://www.facebook.com/HaciendaIlusionPR/ | https://www.instagram.com/haciendailusion/,
mbcollegeguidance.com,+13152436658,,
nymphyacht.com,,,
poocheshouseboutique.com,,,
alphaquorumstore.com,,,
pattikavanagh.massagetherapy.com,+17167992878,,
befeni-usa.com,,,
mingchienliang.com,,,
wordofgodokc.com,+14052865303,https://www.instagram.com/wordofgodokc/ | https://www.facebook.com/wordofGodchurchokc/,https://maps.google.com/?cid=480125834030913923
lammrubenstone.com,,,
bigdiamondpools.com,+17132429033,https://www.facebook.com/profile.php?id=100054351198418,"8406 Colony Oaks Court, Spring, TX 77379 | 1716 Briarcrest Dr., Ste 300, Bryan Texas 77802"
thermproutah.com,+18012686958,,"280 W. Plymouth Avenue, Salt Lake City, Utah 84115"
troychurch.net,,https://www.facebook.com/pages/Troy-Church-of-Christ-Troy-Michigan/177466729614 | https://twitter.com/TroyChurchofC | http://twitter.com/home?status=https://troychurch.net/node/1257 | http://www.facebook.com/sharer.php?u=https://troychurch.net/node/1257 | http://twitter.com/home?status=https://troychurch.net/node/1256 | http://www.facebook.com/sharer.php?u=https://troychurch.net/node/1256 | http://twitter.com/home?status=https://troychurch.net/node/1255 | http://www.facebook.com/sharer.php?u=https://troychurch.net/node/1255 | http://twitter.com/home?status=https://troychurch.net/node/1245 | http://www.facebook.com/sharer.php?u=https://troychurch.net/node/1245,
stangerfabllc.com,,,
mahoganyvacations.com,,https://facebook.com/mahoganyvacations1/ | https://instagram.com/mahogany_vacations/,
rfacapitalcorp.com,+19143934509,https://www.instagram.com/rfacapital/,
mannexcavating.com,+17077994711,,
simplythaidining.com,+15107931698,,See Google Map (https://goo.gl/maps/acRuKvz3X72xRCQ19)
oneononesc.com,+18645763733,https://www.facebook.com/oneononefitnessllc | https://www.instagram.com/mrresultz/?hl=en,
lealvideoproductions.com,+15104681847,https://www.instagram.com/danroleal/?hl=en | https://www.linkedin.com/in/dan-leal-075993230/,
hairdesigners-hairsalon.business.site,,,
baxland.com,,,
bytheseat.com,,,
yttangsoodo.com,+19729414550,https://www.facebook.com/profile.php?id=100063741063411,"4001 Custer Road Plano, TX 75023"
mlfcare.org,+16267656119 | +16262819820,https://www.facebook.com/MorningLightFoundation/,
mq3labs.com,,http://instagram.com/citrix/ | http://www.facebook.com/citrix,
hangtownkc.org,+15306226909,,
brynbachman.com,,https://www.linkedin.com/in/bryn-bachman-4a5364278/,
mygentxt.org,,https://www.facebook.com/home.php#!/pages/GentXt/126974930683972 | https://twitter.com/tulsa_gentxt,
myrtlebeach.city,,,
chugiak.org,,,
gentleconfections.com,,,
pearlandcounseling.com,+12818041900,,
lloydfeinberg.com,,,
kalamazoomijobs.com,,,
flatpondpublishing.com,,,
cstyled.com,+13035228659,http://instagram.com/denverhaberdasher | https://www.facebook.com/cooperstyled/ | https://twitter.com/alvincooper,
aesgoldmine.com,,,
marinavillageharbor.com,+15105210905,https://www.facebook.com/safeharbormarinas | https://www.instagram.com/safeharbormarinas/ | https://www.linkedin.com/company/safe-harbor-marinas/,"1030 Marina Village PkwyAlameda, CA 94501 (https://maps.google.com/?q=1030 Marina Village Pkwy<br>Alameda, CA 94501)"
romangalloway.com,,,
healthtrustpg.com,+16153443000 | +18007378661,https://www.facebook.com/HealthTrustpg | https://www.instagram.com/healthtrustpg/ | https://www.linkedin.com/company/healthtrust-purchasing-group,
safetychain.com,+18882357540,https://www.linkedin.com/company/safetychain-software/ | https://www.facebook.com/safetychain/ | https://www.twitter.com/safetychain,
impaxinc.com,+17178468004 | +17178456446,,"495 Maryland Ave, York, PA 17404"
hallmemphis.org,,,
advancedbiblicalstudies.net,,,
fsb-int.com,,,
alldolledupspabus.com,+13642482616 | +16108584955,https://www.facebook.com/LazadaIndonesia | https://www.linkedin.com/company/lazada/ | https://www.instagram.com/lazada_id/ | https://twitter.com/LazadaID,
nynjelevator.com,+18885693042,https://www.facebook.com/NYNJElevatorCo/ | https://www.linkedin.com/company/ny-nj-elevator-co,
howellci.com,+18022796093,,
intlselfstorage.com,+19106658737 | +19104852428,,
independenthotelmarketinggroup.com,+15189610275,https://www.facebook.com/IndependentHotelMarketing/ | https://twitter.com/IHMarketingTeam | https://www.linkedin.com/company/4984906/,
hillcreststoragetn.com,+19318647867 | +19313971809,,"312 Hillcrest Dr.
Byrdstown, TN 38549"
kiplearningandactivitycenter.com,,,
thecheapghostwriter.com,,,
bgkinvestments.com,+18184459921 | +18883353139 | +18884149111,http://twitter.com/templatesmint/statuses/365477865308954630 | https://www.facebook.com/ben.keisari.9 | https://twitter.com/BenKeisari | http://www.linkedin.com/profile/view?id=16738601&amp;authType=NAME_SEARCH&amp;authToken=KLWQ&amp;locale=en_US&amp;srchid=1506777211381769734055&amp;srchindex=2&amp;srchtotal=3&amp;trk=vsrp_people_res_name&amp;trkInfo=VSRPsearchId%3A1506777211381769734055%2CVSRPtargetId%3A16738601%2CVSRPcmpt%3Aprimary,
blacknewengland.org,,,
reignvolleyball.com,+15615930602 | +13527420080,https://facebook.com/reignvolleyballclub | https://instagram.com/reign_vb/?hl=en | https://www.linkedin.com/company/reign-volleyball/,
oneforallartists.com,+12672544148,https://l.facebook.com/l.php?__tn__=-UK-R&amp;c%5B0%5D=AT3bTqn5E5lHEdZozd1PEOjamu4LOetS3s9sTMt1nMQpTFsr1ZGnq7ucJ6jqvMraXGUe7T7xER1RLVCl84RyY4DwsRtBs5-NqXaFoJ5JNqMG8as-g4HtBY2ciYCG7TlcAoRavw6-mgTtN1NjM__xueOGSvT_6sjqJJPzJ7VFJvVbqdA&amp;h=AT3b37TAbhxGtqA__-EQO_7VJSzrfrxRW2kQQ9c4zTwBzmH2dyUUO7QGk8ZhsJ6CHX5FpM62R28_9d7KBIMRUkStOrMZazwoS0tVj4btCKeM24XGXTNIBV7qU_s004aKD4SXKzk&amp;u=https%3A%2F%2Fbit.ly%2F34VAP9L%3Ffbclid%3DIwAR2PgS79uvyAfGOe1urAmPdCWaDfnau0dvX8ZH8DEHI8J2lnkgfuc9B8Qa0 | http://facebook.com/oneforallartists | https://www.instagram.com/oneforallartists/,
awlsnap.com,,https://www.facebook.com/awlsnap | http://www.instagram.com/awlsnap,
usconstructgroup.com,,,
hawaii432.com,+18086886855,,
gamepcfull.com,,,
sandiegorealestatejobs.net,,,
belanshion.com,,,
tiffin24.com,,,
nachonomics.com,,https://www.facebook.com/Nachonomics | https://twitter.com/Nachonomics | http://www.facebook.com/nachonomics | http://www.twitter.com/Nachonomics/ | https://www.facebook.com/NachoNewsNetwork/ | https://twitter.com/nachonomics,
amairportparking.com,+14083525953,,
pawsinmotionla.com,,,
fedorovfilms.com,,,
batesdds.com,+15092766996,https://www.facebook.com/RyanLBatesDDS,"//maps.google.com/maps?q=47.9540704,-117.44639330000001"
coloradolivingblog.com,,,
yokohamayakitorikoubou.com,+18582778822,https://www.facebook.com/YokohamaYakitoriKoubou | https://www.instagram.com/yokohama_yakitori_koubou/,
masterguyscardetail.com,,,
briggsmobiledetailing.com,,,
jmbusinesspartners.com,,,
concordncwildliferemoval.com,+19802454343,,
webranium.co.uk,,,
kairios.com,,,
finishingtouch.contractors,+16303875151,https://www.facebook.com/FTInstalls/ | https://twitter.com/FTInstalls?fbclid=IwAR1Von_YMWOKTluaivyfxKaOGjmimuAPmPGzTz3AbSWTSOl9xc0Yj4od01I,
wwnboa.org,+13864466525 | +15154323001,,
stickerdreams.com,,https://www.instagram.com/stickerdreams/ | https://www.facebook.com/stickerdream/,
post32nc.org,+19105279821 | +19105683035,https://www.facebook.com/groups/Post32NC/,
neptune-society.com,,,
cheftea.com,+15406599687,,
northwest-georgia-regional-commission.business.site,,,
beehivebargains.com,+18607887886,https://www.facebook.com/BeehiveBargains | https://www.instagram.com/beehive_bargains,
timhalberg.com,,,
hericonstructionllc.com,+16316031898,,
hotlink2019.com,,,
hearthstoneproperty.com,,,
gabeyandell.com,,,
brian-hollenbeck.com,,,
kourco.com,+18882699114 | +13372698852,,
cdl-express.com,,,
internationalmediasupply.com,,,
ortsac.com,,,
skylinevisioncare.com,+14024464600,,
bzzster.com,,https://x.com/shareaholic/ | https://www.facebook.com/shareaholic,
charleygasparlandscapingllc.com,,,
oddwomannailsandmore.com,,,
toptok.info,,,
caring-hands-seniorsolutionsgroupinc.business.site,,,
ancientcityappraisals.com,,,
thej3group.com,,,
maido-shimizuya.com,,,
jackjewelryinc.com,,,
pacificelectric.biz,,,
pioneerpropertydevelopment.com,+14709259733,https://www.facebook.com/pioneerpropertydevelopment,
smv-inc.com,,,
creativehealthplans.com,,,
penchiroclinic.com,+13603854900,https://www.facebook.com/peninsulachiropracticclinic/,
downeygroupllc.com,,,
focusmedicalbillingservices.com,,,
curtistaylorart.com,,https://www.instagram.com/curtistaylorart/,
sapphiresleepovers.squarespace.com,,,
uniqueservices.us,+12487278967 | +13104113,,
directtransportsys.com,+15168522709,,
lemongrassmichigan.com,+12483357435,https://www.instagram.com/lemongrassmi/ | https://web.facebook.com/pages/lemon-grass-thai-restaurant/170177629663270?_rdc=1&amp;_rdr | https://www.instagram.com/lemongrass_mi/,"3999 Centerpoint Pkwy, Pontiac, MI 48341"
peakdds.com,,,
dablawoffice.com,,,
ihostnewyork.com,,https://twitter.com/iHostNewYork | https://www.facebook.com/pages/iHostNewYork/692220950894801 | http://instagram.com/ihostnewyork/,
fitcivic.com,,,
stevensfamilyfarm.webs.com,,,
divinemomentsdaycare.com,,,
fine-art-construction.business.site,,,
ncca-inc.com,,,
mrdurant.weebly.com,,,
arbca.com,+18178080684,https://www.facebook.com/cba1689 | https://www.instagram.com/cba1689 | https://twitter.com/cba1689,
lesliehaywood-moore.online,+12704422215,https://www.facebook.com/1564795010418671 | https://www.instagram.com/moorerealestateco | https://www.facebook.com/share.php?u=http%3A%2F%2Flesliehaywood-moore.online%2Fready-to-buy-or-sell-a-home-here-are-5-key-factors-in-choosing-the-right-agent%2F&amp;title=Ready+to+Buy+or+Sell+a+Home%3F+Here+Are+5+Key+Factors+in+Choosing+the+Right+Agent | https://www.facebook.com/share.php?u=http%3A%2F%2Flesliehaywood-moore.online%2Fselling-your-home-in-2025-heres-what-buyers-want-and-how-to-deliver%2F&amp;title=Selling+Your+Home+In+2025%3F+Here%26%238217%3Bs+What+Buyers+Want+%28And+How+To+Deliver%29 | https://www.facebook.com/share.php?u=http%3A%2F%2Flesliehaywood-moore.online%2F5-roadblocks-to-affordable-homeownership-and-ways-to-move-past-them%2F&amp;title=5+Roadblocks+to+Affordable+Homeownership+%28And+Ways+to+Move+Past+Them%29 | https://www.facebook.com/share.php?u=http%3A%2F%2Flesliehaywood-moore.online%2Fhome-related-tax-deductions%2F&amp;title=Home-Related+Tax+Deductions | https://www.facebook.com/share.php?u=http%3A%2F%2Flesliehaywood-moore.online%2F4-home-remodeling-projects-with-the-highest-roi%2F&amp;title=4+Home+Remodeling+Projects+with+the+Highest+ROI | https://www.facebook.com/share.php?u=http%3A%2F%2Flesliehaywood-moore.online%2F4-home-improvement-projects-with-the-highest-roi%2F&amp;title=4+Home+Improvement+Projects+with+the+Highest+ROI | https://www.facebook.com/share.php?u=http%3A%2F%2Flesliehaywood-moore.online%2Fthe-2025-real-estate-report%2F&amp;title=The+2025+Real+Estate+Report | https://www.facebook.com/share.php?u=http%3A%2F%2Flesliehaywood-moore.online%2Ftech-the-halls-smart-home-gadgets-for-a-stress-free-holiday-season-2%2F&amp;title=Tech+the+Halls%3A+Smart+Home+Gadgets+for+a+Stress-Free+Holiday+Season | https://www.facebook.com/share.php?u=http%3A%2F%2Flesliehaywood-moore.online%2Ftech-the-halls-smart-home-gadgets-for-a-stress-free-holiday-season%2F&amp;title=Tech+the+Halls%3A+Smart+Home+Gadgets+for+a+Stress-Free+Holiday+Season | https://www.facebook.com/share.php?u=http%3A%2F%2Flesliehaywood-moore.online%2Fmultigenerational-home-buying-how-to-find-a-home-that-fits-your-whole-family%2F&amp;title=Multigenerational+Home+Buying%3A+How+to+Find+a+Home+That+Fits+Your+Whole+Family | https://www.facebook.com/share.php?u=http%3A%2F%2Flesliehaywood-moore.online%2Flistings%2Fhistoric-colonial-condo-2-bdrm-2-bath-paducahs-lower-town-arts-district%2F&amp;title=New+Price%21+++The+Colonial+%26%238211%3B+Luxury+Living+in+Paducah%E2%80%99s+Lower+Town+Arts+District | https://www.facebook.com/share.php?u=http%3A%2F%2Flesliehaywood-moore.online%2Flistings%2F1158%2F&amp;title=SOLD%21++Tranquil+3+bedroom%2C+2+bath+West+End+Retreat+Ready+for+Your+Move%21 | https://www.facebook.com/share.php?u=http%3A%2F%2Flesliehaywood-moore.online%2Flistings%2Fgorgeous-updated-brick-home-mid-town-paducah%2F&amp;title=SOLD%21+%26%238211%3B+Gorgeous+and+updated+brick+home+in+Mid-Town+Paducah%21 | https://www.facebook.com/share.php?u=http%3A%2F%2Flesliehaywood-moore.online%2Flistings%2Fconnection-land-lifestyle-328-trevathan-road-martin-tn%2F&amp;title=SOLD%21+A+Connection+to+the+Land+and+a+Lifestyle-+328+Trevathan+Road%2C+Martin%2C+TN | https://www.facebook.com/share.php?u=http%3A%2F%2Flesliehaywood-moore.online%2Flistings%2Famazing-options-522-n-8th-st-paducah-ky-lower-town-location%2F&amp;title=SOLD%21+Amazing+Options%21++522+N+8th+St%2C+Paducah%2C+KY+%26%238211%3B+Lower+Town+Location | https://www.facebook.com/share.php?u=http%3A%2F%2Flesliehaywood-moore.online%2Flistings%2Fmarket-now-updates-opportunity-5136-valley-view-dr-paducah-ky%2F&amp;title=SOLD%21++Updates+and+Opportunity%21+5136+Valley+View+Dr%2C+Paducah%2C+KY | https://www.facebook.com/share.php?u=http%3A%2F%2Flesliehaywood-moore.online%2Flistings%2Fjust-sold-west-paducah-ky-fabulous-home%2F&amp;title=JUST+SOLD%21++West+Paducah%2C+KY+Fabulous+Home | https://www.facebook.com/share.php?u=http%3A%2F%2Flesliehaywood-moore.online%2Flistings%2Fsold-gem-home%2F&amp;title=SOLD%21+++A+Gem+of+a+Home%21 | https://www.facebook.com/share.php?u=http%3A%2F%2Flesliehaywood-moore.online%2Flistings%2Fduplex-opportunity-2-bedrm-2-bth-side-lone-oak%2F&amp;title=SOLD%21+%26%238211%3B+Duplex+Opportunity%21+2+bedrm+2+bth+each+side%21++Lone+Oak,
montcapitalpartners.com,,,
valleymedicalinstitute.com,+12033782210 | +18008868773,,
rmiflooring.com,+18336414912,https://www.instagram.com/rmiflooring/ | https://www.linkedin.com/company/rm-interiors-&amp;-design-inc/mycompany/?viewAsMember=true | https://www.facebook.com/RMInteriorsFlooring,
academyofamazement.com,,,
ccspatherapies.com,+16192086026,,
whaleygfx.com,,,
thebentleyparkcommunityassociation.org,,,
108production.com,,,
ravenshire-llc.com,,,
hueboost.com,,https://www.facebook.com/Hue-Boost-LLC-107173007758428 | https://www.instagram.com/hue_boost/,
amlimdrmarina.com,+13107756760,,"4242 Via Marina, Marina del Rey, CA 90292 (https://goo.gl/maps/pX5ZV6Qwq2B2)"
mghomeremodelling.info,,,
winecheeseandfivemoreminutes.com,,,
returndeals.net,+16122073540,,
studentvetinsurance.com,,,
kingfisherseo.com,,,
sgdesignshouston.com,,,
energy-health-oriental-massage.business.site,,,
aiesteam.org,,https://www.facebook.com/aiesteam/ | https://twitter.com/aiesteam | https://www.instagram.com/aiesteam/ | https://www.linkedin.com/company/aiesteam/,
satyasilence.com,,,
jerkkingsnj.com,,,
fivestaracsd.com,+16193151978,https://facebook.com/Five-Star-Heating-and-Air-Conditioning-992293414148340/,
imageworksdirect.com,,https://www.facebook.com/imageworksdirect | https://www.instagram.com/imageworksdirect/ | https://www.linkedin.com/company/image-works-direct,
hoodriverclothing.com,,,
trbism.com,,,
coricarl.com,,https://twitter.com/sheepdontswim,
frenchlakeautoparts.com,+13202748497,https://facebook.com/FrenchLakeAutoParts | https://twitter.com/Flapmn | https://instagram.com/accounts/login/?next=%2Ffrenchlakeautoparts%2F,
vghgroup.org,,,
beckynadesan.com,,,
slushpoolglobal.com,,,
coralgablesrealestatefl.com,+17378585006,,
matthaynes.uk,,https://www.linkedin.com/in/matt-haynes-43ba20a0/,
informatichiamoci.it,,,
mysavagenails.love,,,
smallislandent.com,,,
banconex.com,,,
totalseal.com,,https://www.facebook.com/totalseal.pistonrings/ | https://www.instagram.com/total.seal/,
janellesrestaurant.com,,,
uomosport.com,+19165767718 | +13519421817 | +17476371657 | +15619495107 | +13102050407 | +13176059634,https://www.facebook.com/UOMOSPORT2016/ | http://twitter.com/uomo_sport | http://instagram.com/uomo_sport | https://www.linkedin.com/company/uomo-sport,
directdrivelogistics.com,,,
itpc-usa.com,,,"360 East 72nd Street - Suite A1404 - New York, NY 10221"
graciejoplin.com,+14176215639 | +14178506447,https://www.facebook.com/profile.php?id=1636452124 | https://www.facebook.com/jason.rios.16547008 | https://www.facebook.com/shiloh.burchfield | https://www.facebook.com/rob.gaul.3 | https://www.facebook.com/profile.php?id=100003634880192 | https://www.facebook.com/zach.lawson.54 | https://www.facebook.com/Ghettotacos417 | https://www.facebook.com/graciejoplin | https://www.facebook.com/profile.php?id=100089055761441,
pinehavenresort.com,+12186822547,https://www.facebook.com/HackCFC/ | https://www.facebook.com/NorLightsCasino/ | https://www.facebook.com/bearpausetheater/ | https://www.facebook.com/login/?next=https%3A%2F%2Fwww.facebook.com%2FPine-Haven-Resort-on-Blackwater-Lake-130381357029056%2Freviews%2F | https://www.facebook.com/Pine-Haven-Resort-on-Blackwater-Lake-130381357029056/,https://goo.gl/maps/wdwS4dw7ofXX9ZJe7
gsbphoto.com,,,
astepabovemb.com,,https://www.facebook.com/A-Step-Above-Flooring-810287332403927/ | https://twitter.com/AStepAboveMB | https://instagram.com/astepaboveflooring/,"721 Sandy Ln. Unit FMyrtle Beach, SC 29575 (https://goo.gl/maps/3uGxVnpksyq)"
peacefulwolftaichi.com,,,
davidprieto.realestate,,http://twitter.com/share | https://www.facebook.com/DPREServices/ | https://www.linkedin.com/in/david-prieto-0a908330/,"17404 Ventura Blvd. Unit 110, Encino, CA 91316"
arnoldprint.com,+17173925491,,
annarborhomesrealtor.com,+13137177788,https://www.facebook.com/maurarains1 | http://www.linkedin.com/pub/maura-rains/5/79b/77a,
oceancurrent.com,,https://instagram.com/oceancurrent | https://facebook.com/oceancurrent | https://www.instagram.com/oceancurrent/,
forcht-law.com,,,
antiochassistedliving.com,,,
wombatworks.org,,https://www.facebook.com/wombatworksllc | https://twitter.com/WombatWorks,
candybartending.com,,https://www.facebook.com/Candythebartender | https://www.instagram.com/candybar_bartender/,
rlosrivera.com,,,
cryptohomiesclub.io,,https://twitter.com/CRYPTOHOMIES_ | https://www.instagram.com/cryptohomies_/ | https://www.facebook.com/cryptohomiesnft,
horizons.church,+14025125700,https://www.facebook.com/HorizonsCommunityChurch/ | https://www.instagram.com/horizons_community_church/ | https://www.facebook.com/groups/366999870521503/,
marrs-jonesfuneralhome.com,+15122372425,http://www.facebook.com/MarrsJonesFuneralHomeAllFaithsofthePinesChapel/,
figlass.biz,,,
highwayonerealestate.com,,,
starcomconsulting.com,,,
motherssoontobe.com,,,
jessicaashwellness.com,,https://www.facebook.com/jessicaashwellness | https://www.instagram.com/jessicaashwellness/,
kelleyroadrace.com,,,
cancersupportdelaware.org,,,
amwindowcleaning.org,,,
torget.org,+19403688845,,
pctouchservices.com,,http://www.facebook.com/home.php?#!/profile.php?id=100001414006599 | http://twitter.com/mayisad,
palla-siding-and-windows.business.site,,,
cincyscrubs.com,,,
minastollery.com,,https://www.instagram.com/electric_skillet/,
sharonkinghoge.com,,https://twitter.com/SharonKingHoge,
johnstons-clothiers.business.site,,,
roux30a.com,+18502130899,https://www.facebook.com/Roux30a | https://www.instagram.com/roux30a/,
phack.org,,https://www.facebook.com/PHackCon | https://twitter.com/PHackCon | https://www.instagram.com/pacifichackersca | https://www.linkedin.com/company/pacific-hackers-conference,
ohhappydayshatchetthrowing.com,,,
nashvilleucc.org,+19376985867,,
iam-boeing.com,,,
samantharaiderbrown.com,,,
getranx.com,,,
completecaredevelopmentcenter.com,+15139104998 | +15137612232,https://www.facebook.com/CompleteCareDevelopment/,
kaleofamilies.org,,,
plumbingbydlt.com,+17139798345,https://www.facebook.com/Plumbing-By-DLT-217036568422674/,"6009 Bellaire Unit #137, Houston, TX 77081 (https://maps.google.com/maps?q=6009+Bellaire+Unit+%23137%2C+Houston%2C+TX+77081&amp;z=15&amp;mrt=loc) | https://maps.google.com/?cid=9089841857696139105"
philstreeppc.com,,,
topcropalliance.com,+18126140436,https://twitter.com/brianbbbush | https://www.facebook.com/topcropagronomy,
solarecon.wordpress.com,,,
beagibbons.com,,,
romanthumbs.com,,,
airprofork.com,,http://instagram.com/airprofork,
couplescounselingatlanta.com,,,
1laurellane.com,,,
garrettwietholter.com,+18557337333 | +13178733230 | +13178738958 | +13096225001,https://www.facebook.com/153341281385570 | https://www.linkedin.com/in/garrett-wietholter-b5037a88,
azureskies.com,,,
busiup.com,,,
warnby.com,,,
alpha-research-associates-research-institute.business.site,,,
buchanan-edwards.online,,,
cavachonsofoklahoma.com,,,
rcgglobaltv.com,,,
mygoodhorse.weebly.com,+18054791140,http://www.facebook.com/pages/Good-Horses/162395740581911?ref=hl,
steppir.com,,,
yourhairdynasty.com,,https://www.instagram.com/yourhairdynasty | https://www.facebook.com/yourhairdynasty | https://www.twitter.com/yourhairdynasty,
propertyguysnj.com,,,
thestonenc.com,,https://www.facebook.com/thestonenc | https://www.instagram.com/thestonech/,
bostonzen.org,,,
dolee-rentals.com,+12294369620 | +12293445037,https://facebook.com/DoLee-Rentals-Inc-141860142549724 | https://twitter.com/DexYPHQ/,"1001 W Oglethorpe Blvd, Albany, GA 31701"
mazautoglass.com,+14156264474,,"https://goo.gl/maps/E67z4QKASSMKmXgA7 | 230 Bayshore Blvd.San Francisco, CA 94124 (https://goo.gl/maps/E67z4QKASSMKmXgA7) | 230 Bayshore Blvd.San Francisco, CA 94124"
postmodern-strings.com,,,
tlalocrivas.com,,https://www.facebook.com/tlalocnyc | https://twitter.com/TlalocRivas | https://www.instagram.com/tlalocnyc/ | //www.linkedin.com/pub/tlaloc-rivas/10/b26/2a6/ | https://www.instagram.com/tlalocnyc/?hl=en | https://www.linkedin.com/in/tlaloc-rivas-2a6b2610/,
top-salon-hair-salon.business.site,,,
ohanaconsulting.net,+19492307919,,
venturemediaagency.com,,,
kkcger.com,,,
outforlifeministries.com,,,
potomaccanine.com,,,
smilesbygateway.com,+18178586333,,
monahanclinics.com,,,
verdantporch.com,,,
mendiolagardening.com,,,
maddux.pro,,,
kansaslimousin.org,+16204325056,https://www.facebook.com/groups/1235892853935518/ | https://www.facebook.com/groups/294431518392859/user/1483456138/?__cft__%5b0%5d=AZUHMermbSGOCqsTa2CUw-C3RjZHRYoqHY5zxofYh9cPVLmj8oovH-ozQ8Az2pl-qEBLQkYfTipIbB4ljFZlj5IbZq8M64Cs76vBohtKhUkPh_r2JcYW9Vp8nByochGu4Ogyg3-7aPEnZtlSnHHAXPo3RLUrj7WQ5oSijTWRv8Ob8_9t3oXuz5YSp4Y_z5bs4iI&amp;__tn__=-%5dK-R,
timent.com,+19542749020,,
fuecid.shop,,,
scienceeducators.org,,,
gygeneralservices.business.site,,,
clockinc.org,+13095580956,http://facebook.com/clock.inc.qc | https://www.instagram.com/clockinclgbt/ | https://twitter.com/clockincLGBT | https://www.linkedin.com/in/clockinc/ | https://www.facebook.com/designs.chasing,
deepdivecounseling.net,,,
kns-construction.com,+12032318300,,
creativebusinessassociates.com,+13106506862,https://www.facebook.com/paula.easton,
workitstudio.com,,,
takapartners.com,,,
timothyburger.com,,,
coffee-homemachines.club,,,
melatee.com,,,
cumberland-river.com,,,
techbarstore.com,,,
trueaudio.com,+18654943388,,
marriagecounselingmemphis.com,,,
glovemitten.com,,,
crestonhousefl.com,+18005872287,https://www.facebook.com/coastalrealtyandpropertymanagement | https://instagram.com/CoastalRealtyFL,
silverbaytech.com,,https://twitter.com/SilverBayTech,
deliverance-ministry-new-york.com,,,
borderwarswrestling.com,,,
gsiprint.com,+12489600077 | +12489600079,,
xpressbenefits.net,,,
brentwood365.com,,,
bubsnola.com,,,
paigeleblanc.com,,,
fineartsbiz.com,,,
yoursbasource.com,,,
shiftflg.com,,,
eattacorepublic.com,,https://www.facebook.com/TheTacoRepublic/?ref=pages_you_manage | https://www.instagram.com/eattacorepublic/,
itlogo.net,,,
rhcapco.com,,,
crazy.builders,,,
secondnaturedesignsmv.com,+15086276594,https://www.instagram.com/secondnaturedesignsmv/?hl=en | https://www.facebook.com/SecondNatureDesignsMV/ | https://www.linkedin.com/in/renee-clermont-5896095a,
skgfitness.training,,https://www.facebook.com/SKGFitnessTraining,
sewardlostlakelodge.com,,,
rollupdoorrepairnyc.com,+19177911393,,"NYC, NY, 11101"
tefftfoundation.com,+16034723557,,
winningham-iron-metal.business.site,,,
loudandclaire.com,+16174162641,https://www.facebook.com/loudandclaire/ | https://www.facebook.com/loudandclaire,
aproa.org,,,
sammycarlosdelicatessencatering.net,,,
budgetmobilehometransport.com,+14058802041,,
karrgroupco.com,,,
quick9.io,,,
acifund.com,+18182351444,,
coastaldefense.business.site,,,
msconfinance.com,,https://www.facebook.com/ms.confinance/ | https://www.instagram.com/ms.confinance,
reflexdelivery.com,,,
capricommercialcapital.com,+15037656960,,
elegantdjservices.com,,,
fccherrick.org,,,
southernuc.com,+19128982227 | +19128982277 | +18433574357,https://www.facebook.com/SouthernUrgentCare | https://www.instagram.com/accounts/login/?next=/southernuc31410/ | https://www.facebook.com/pages/category/Medical-Center/Southern-Urgent-Care-Murrells-Inlet-406197416153236/,"4717 Hwy 80 East Suite H-I, Savannah, GA 31410 (https://maps.google.com/?saddr=Current+Location&amp;daddr=4717+Highway+80+Savannah+GA+31410) | 3583 Hwy 17 Bypass, Murrells Inlet, SC 29576 (https://maps.google.com/?saddr=Current+Location&amp;daddr=3583+Hwy+17+Bypass+Murrells+Inlet+SC+29576)"
eventsbyabel.com,,,
dreamlab.design,+12407967601,https://www.instagram.com/dreamlab.creative/ | https://www.facebook.com/dreamlabcreativeideas | https://www.linkedin.com/company/80255973,
littleredfarmhousegifts.net,,,
cherrycreektributaries.com,,,
cahabacreative.com,,http://facebook.com/cahabacreative | http://twitter.com/cahabacreative | http://www.linkedin.com/in/cahabacreative,
bintiboutique.llc,,,
prlassociates.net,+16077858381 | +16077858382,https://www.facebook.com/PRLAssociates,"110 Grant Avenue, Endicott, NY 13760"
ehardts.com,,,
laurafoxreel.com,+13102055811 | +13102055812 | +13102055896,,
pestcontrolmodestoca.org,,,
lukesmma.com,,,
hudsonlux365.com,,,
horizon-international.com,,,
pcinapa.com,+15757463597 | +15058651006 | +15058642246 | +12056539296,,"111 W Richardson Ave Artesia, NM. 88210 (https://goo.gl/maps/LX9SMDyHx5KAGqms5) | 519 E Reinken Ave Belen, NM, 87â€‹002 (https://goo.gl/maps/7bzdFQHySNbSRuoA7) | 3507 Main St. NE Los Lunas, NM. 87031 (https://goo.gl/maps/A3c9Eij5B4JQfLmT9)"
mctierart.com,+12127601228 | +17066990660,https://www.facebook.com/mctierart | https://twitter.com/McTierArt | https://www.instagram.com/mctierart/ | https://www.linkedin.com/in/jacemctier/,
accubuiltnw.com,+12538024841,,
artandglamstudio.com,,,
carriecrespo.com,,,
imcl-conference.org,,,
awbrueggemann.com,+15802373857 | +15802370068,,
carissahannumtherapy.com,+12026775049 | +12026563681,,
lalupitaberwyn.net,,,
it10103.wordpress.com,,,
overlakecollie.com,,,
fayreconsulting.com,,http://www.linkedin.com/in/ericafayre,
velabrand.com,,,
hometheatersystemgainesville.com,,,
sanchez-lawn-care-and-landscaping-services.business.site,,,
knickonwood.com,,,
paradiseatlasttravel.com,+19123088311,,
myfriendsandme.net,,https://www.facebook.com/myfriendsandmeinc | https://www.instagram.com/myfriendsandme_inc,
celebaesthetics.com,,,
hollytreeservice.net,+18454772104,https://facebook.com/profile.php?id=100091209788929 | https://instagram.com/hollytreeservice,
dorsettchapel.org,,https://www.facebook.com/dorsettchapel | https://www.instagram.com/dorsettchapel/,
embodyacupuncture.com,,,
greenbikerentals.com,,,
myacem.com,,,
marinbaroque.org,,https://www.instagram.com/marinbaroque/ | https://www.facebook.com/marin.baroque,"1330 Lincoln Ave Ste 306, San Rafael, CA 94901"
homeworkninjas.com,,,
par1cleaners.business.site,,,
azrielassetmgmt.com,+17185646232,,"3512 Quentin Road, Suite 202 Brooklyn, NY 11234 (https://goo.gl/maps/mGo2aWrzwJQxYdAV9)"
cryptonewsupdate.com,,,
puppetheap.com,,https://www.facebook.com/puppetheap/ | http://instagram.com/puppetheap | https://www.linkedin.com/company/puppetheap/,
riolentoranch.com,,,
neilheffernan.net,,,
myfocuspsych.com,,,
amplifiedconcepts.com,+14043869801,https://www.facebook.com/AmplifiedConcepts | https://www.linkedin.com/company/amplifiedconcepts | https://www.instagram.com/amplifiedconcepts/,
ftworthepoxyflooring.com,,,
palaciopet.com,,,
acupuncture-oriental-massage.business.site,,,
bluemercury.com,,,
wilkins-grocery.edan.io,+19178735847 | +18044938660,,
teriorr.weebly.com,,,
vickcarneylaw.com,+18175965533,,
godsministryfellowship.com,,,
vpropertysolutions.com,+14842020710,http://www.facebook.com/vantagepropertysolutions | http://www.instagram.com/vantagepropertysolutions,
worldsframedbywords.com,,,
carrettausa.com,,,
teambuildergroup.com,,,
castoreclothing.com,,,
paynespringsumc.org,,,
auroratechservices.com,,,
arisepca.com,,http://www.facebook.com/ArisePCA | https://www.instagram.com/arisepresbyterian/,Click here for directions (https://goo.gl/maps/fRB5ghpJ6cQAJz5GA)
thelocalmanjakemangan.com,+15163619474,https://www.linkedin.com/in/localmanjakemangan/,
dreamservicesoftware.com,,,
documentsandforms.com,,,
betterbuildco.com,+15122708388,https://www.instagram.com/austinhomeservices/?next=%2F | https://www.facebook.com/profile.php?id=100093143553622,
hairbykole.com,,,
loydayu.com,+16194757777 | +16198897788,http://www.facebook.com/ErikaLoydaYu,
mikesagfencerepair.com,+12402856648,https://www.facebook.com/Mikes-Agriculture-Fence-Repair-101798072153722/?ref=page_internal,"210 Apples Church Road, Thurmont, Maryland 21788"
timberwoodofnaples.org,,,
thatpaintgirl.com,,http://instagram.com/thatpaintgrl,
dumpsterrentalalhambraca.com,,,
clinejewelers.com,,,
virustarllc.com,,,
theneumannproject.com,,,
bettoli.realtor,+13053567440,https://facebook.com/NARdotRealtor | https://twitter.com/NARdotREALTOR | https://instagram.com/nardotrealtor/,
marblepolishingmiami.net,+13057312242,,
badgertoyotalift.com,,,
sunnova-solar-oakland.business.site,,,
tevisdenise.com,,https://www.facebook.com/tevis.denise | https://www.twitter.com/tevisdenise | https://www.linkedin.com/in/tevis-denise/ | https://www.instagram.com/tevisdenise | https://www.instagram.com/wix/,
vipsmarthomes.com,,,
charliesproshop.com,+17273973947,,
greggardnersbarbershop.com,+18142673226,,https://maps.google.com/?cid=4002150005833758285
nbwatergardens.com,+16602293777,,
johnsoncreekrvresort.com,+18303673300,https://www.instagram.com/explore/locations/252106602/johnson-creek-rv-resort-park/ | https://www.facebook.com/johnsoncreekrvresortpark,
saracott.com,+14048501270,,
roushdetailingllc.com,,https://www.facebook.com/RoushDetailingLLC | https://www.instagram.com/RoushDetailingLLC.Colorado,
hubbardstudios.com,,,
salinasidingcompany.com,+17853908822,https://www.facebook.com/Salina-Siding-Company-104405568676524 | https://www.linkedin.com/company/75604120/,
fynres.com,+19543243793,,
cgllcairheatingandcoolingservices.business.site,,,
two2brew.com,+18776627544,//www.facebook.com/sharer.php?u=https://two2brew.com/products/blendtec-bar-blender | https://www.facebook.com/hellotwo2brew/ | https://instagram.com/hellotwo2brew,
meskauskis.com,,,
floraottimer.com,,http://facebook.com/floraottimer | http://instagram.com/floraottimer,
2701jamesmwood.com,+12132474210,,"2701 James M Wood BLVD Los Angeles, CA 90006 | 2701 James M Wood Blvd Los Angeles , CA 90006"
timemusicgroupnyc.com,,,
crawfordproduction.com,,,
lequedagua.com,,https://www.instagram.com/lequedagua/ | https://www.facebook.com/lequedagua.lda/,
jrmatheny.com,,http://instagram.com/jrmatheny | https://twitter.com/jason_r_matheny,
hypnosishealthworks.com,+13104041256,,
fanbladedesigns.com,+12087204041,https://twitter.com/FanBladeDesigns | https://twitter.com/fanbladedesigns | https://www.facebook.com/pages/Fan-Blade-Designs/1414707588783035 | https://instagram.com/fanbladedesigns,
madebyjosy.com,,,
ghostmountain.org,,https://www.instagram.com/ghostmountainpdx/,
allcleanhomes.com,,,
lisinoprilfst.com,,,
philippineflowers.com,,,
1vandegraaff.com,,,"1 Van de Graaff Drive Burlington, MA 01803"
lineoftecnologia.com,,,
bundlesbybassett.com,,,
sootheyoursoulmassage.com,,,
markhensonart.com,+17077308538 | +17072752201,,
stpunited.org,+18163316444,https://www.instagram.com/stpaulsraymore/ | https://www.facebook.com/stpunited/,
semillacenter.org,,https://www.facebook.com/SemillaCenter/ | https://twitter.com/semillacenter | https://www.instagram.com/semillacenter/,"2742 15th Ave S, Minneapolis, MN 55407 (https://goo.gl/maps/fdSqGPpLf89jTEak6) | 2742 15th Ave S, Minneapolis, MN 55407"
calcoastjewelryappraisers.com,+17605046343,https://www.facebook.com/CalCoastJewelryAppraisers/ | https://www.instagram.com/gemologistgirl/,
liketelevision.com,,,
ericamhill.com,,,
infinitiofsouthatlanta.com,,,
rewildyourgarden.com,+12076539334,https://www.facebook.com/kdbgardenrewilder/ | https://instagram.com/rewildyourgarden,
thethriftyhijabi.com,,,
haqelyaqeen.com,,,
continentalfresh.com,+13058609611,https://www.linkedin.com/company/continental-fresh-llc/,
mojoparker.com,+12143932562 | +13136914744 | +12285351206,https://www.facebook.com/mojoparker | https://instagram.com/mojoparkerblues,
vibrantlifefarms.com,+19702225917,https://www.instagram.com/vibrantlifefarms | https://www.facebook.com/vibrantlifefarms | https://instagram.com/wix/,
hautesalonjc.com,+15736347476,https://www.facebook.com/hautesalon | https://www.instagram.com/hautesalonjc/,
rgaineswebdevelopment.com,,,
thebeautyteam.com,+19089175233,https://www.facebook.com/The-Beauty-Team-NJ-1524388267839855 | https://www.instagram.com/thebeautyteamnj/?hl=en | https://www.linkedin.com/in/daniela-brozkova-3b084b9/,
rrrobotictec.com,,,
truyasushica.com,+14082444534,,
hdnavalue.com,,https://www.facebook.com/pages/Hollingshead-Dearden-Associates/848956838453944 | https://www.linkedin.com/company/hollingshead-dearden-&amp;-associates,
ropescan.us,,,
spynewsletter.com,,,
mutterpasshuellen.eu,+13025194257 | +12107321006,,
shakeprosolutions.com,,https://www.facebook.com/ShakeProSolutions/ | http://instagram.com/shakeprosolutions | https://twitter.com/shakepros,
jsdagency.com,,https://www.instagram.com/jsd.agency/?hl=en | https://www.linkedin.com/company/jsdagency,
justgooglebenhiggins.com,,,
longrealty.com,+18003545664,https://www.facebook.com/longrealty | https://twitter.com/@longrealty | https://www.linkedin.com/company/long-realty-company/about/ | https://www.instagram.com/longrealty/,
cleaningsvccolumbiafalls.com,,,
aop3d.com,+17815071606,https://www.facebook.com/AOPthreeD | https://www.instagram.com/aop3d/,
proofpass.com,+18669126567,https://www.facebook.com/ColorCastersllc/ | https://www.instagram.com/colorcastersllc/ | https://twitter.com/colorcasters,
themarketinggroupaz.com,,,
tornadobaseball.com,,,
miltongeorgialiving.com,,,"Milton, GA, USA (https://maps.google.com/maps?q=Milton,+GA,+USA@34.1321631,-84.30066599999998&amp;z=10)"
fortlaudedalepsychic.com,,,
proexecstaffing.com,+17132482245,https://www.facebook.com/proexecstaffing | https://twitter.com/exec_pro | https://linkedin.com/company/pro-exec-staffing,
off-trail.co,,https://www.instagram.com/offtrail.co/,
koimountain.com,,,
smensclub.org,,,
yingtexun.com,,,
onsa.net,+15033169638,,"1270 Chemeketa Street N.E., Salem, OR 97301"
pinolevistareimagined.com,,,
hyhp.org,,https://www.facebook.com/hawaiiyhp | https://www.linkedin.com/company/hyhp | https://www.instagram.com/hawaiiyhp,
woodgateapts.net,+18442017843,,
behindthewhitebeard.com,,,
talkingparents.com,,https://www.facebook.com/TalkingParents/ | https://twitter.com/Talkingparents | https://www.instagram.com/talkingparentsapp/,
stitchncluck.com,,,
camilluscusecamp.com,,,
buryservices.com,,,"4358 W Vickery Blvd, Fort Worth, TX 76107"
ascend-tech.us,,https://www.linkedin.com/company/ascendant-software-technology-llc/ | https://twitter.com/AscendSoftTech,
kickitupquilting.com,,https://www.instagram.com/kickitupquilting/ | https://www.facebook.com/KickItUpQuilting/,
seamuspuppy.com,,,
stewartgrain.com,+12177597938 | +17659862254,,
nationalcarousels158.com,,,
indiyoung.com,+16585988043,https://www.linkedin.com/in/indiyoung/ | https://www.instagram.com/indiyoung_/,
patscrap.co.uk,+12148968716,,
drtompastor.com,+16123143739,,
advancenetsupport.com,+13053066487 | +17864263492,https://www.facebook.com/profile.php?id=100064803528337 | https://www.linkedin.com/company/106028228/admin/dashboard/ | https://www.instagram.com/advancenetworksupport/,
tribeofdantours.com,,,
periogel.net,+18774344867,https://twitter.com/perioprotect | https://www.facebook.com/PerioProtect | https://www.instagram.com/perioprotect/,
daveandtracy.org,,,
childcarecompany.org,,,
kathrynsonmoonlake.com,,,
when2heartsbeatas1.org,,,
dallassurgicalgroup.com,+12143506672,,"8140 Walnut Hill Ln, Suite 800Dallas, TX 75230 (https://goo.gl/maps/i946pUeN3FgtRdXY8) | Get Directions (https://goo.gl/maps/KPtco1ctKT6kWzaG8)"
aetheradvisors.com,,https://www.linkedin.com/in/julie-ryan-3a46504/,
nationalcapitalfitday.com,,,
crossroadsrvpk.com,,,
ordercrustandbuns.com,,,
jtheater.com,,,
sherricornett.com,,,
prashnercpa.com,+15123261440,https://www.facebook.com/Barbara-Prashner-CPA-PC-128144142015 | https://us.linkedin.com/in/barbara-prashner-cpa-p-c-8914127,
jshs-tn.utk.edu,+18659749493 | +18659741000,https://twitter.com/UTK_PREP | https://www.facebook.com/tnjrscihum/ | https://www.instagram.com/utk_prep/,
garagedoor-repair-waynenj.com,+12022111215 | +19733197770,,"1591 Alps Rd, Wayne, New Jersey, 07470, USA"
ageanabrett.com,,,
abreakdisabilityandrespite.com,+15616183049,,
allstarbp.com,+16783326840,https://www.facebook.com/allstarsimulators | https://www.twitter.com/allstarbp | https://www.instagram.com/allstarsimulators,
whittiershuttle.com,+19073506010 | +18882578527,,
mottshay.com,,,
rethinkingwealth.org,+12018101725,https://www.facebook.com/RethinkingWealth/ | https://www.linkedin.com/company/18005206/,
erikashome.com,+18009782952 | +17046020219 | +17045761671,,"5925 Carnegie Blvd., Suite 250, Charlotte, NC, 28209"
smartdivorcestrategy.com,,https://www.linkedin.com/in/lauramiolla/ | https://www.instagram.com/thebrainwisecoach/,
3lechesbake.com,+16179738881 | +12252875355 | +16179738882 | +12255726013,https://www.facebook.com/3lechesbake/ | https://www.instagram.com/3lechesbakery/,
feltgoodmusic.com,,,
al-advertising-diet-store.com,,,
lionsteelstructuresco.com,,,
shootmethevin.com,+18775122555,,
bookkeepinglogic.com,,,
abbevillecalendar.com,,,
beautyblueprintllc.com,,,
baypointlabs.com,+17077476081,,
mogreenway.com,,,
cadottfamilyrestaurant.com,+17159780027,https://www.facebook.com/cadottfamilyrestaurant/ | https://www.instagram.com/cadottfamilyrestaurant/,"https://goo.gl/maps/cZXrxEPq62SAHe6X7 | 641 WI-27, Cadott, WI 54727 (https://goo.gl/maps/cZXrxEPq62SAHe6X7) | 641 S. WI-27Cadott, WI 54727 (https://goo.gl/maps/cZXrxEPq62SAHe6X7)"
figureitoutagency.com,,https://www.instagram.com/figureitoutagency,
cwenergyusa.com,+14809981694,https://www.twitter.com/cwenergyusa1 | https://www.facebook.com/cwenergyusa/ | https://www.linkedin.com/company/cwenergy/about/,
littlefeetforestschool.org,,,
fitfeetflorida.com,+18135636458 | +17278245100 | +18136451993,https://www.facebook.com/FitFeetForLifeFootandAnkle/,"4040 Upper Creek Drive, Suite 106, Sun City Center, FL 33573 | 2112 4th Street North St. Petersburg FL 33704"
parisfumc.org,,,
royaltycleaningva.co,,,
artworkbydoyle.com,,,
neomedia-dg.com,+19152012695,https://www.facebook.com/neomedia.dg | https://www.instagram.com/neomedia.dg | https://www.linkedin.com/company/neomedia-design-group,
kaylabeehler.com,,https://www.instagram.com/kb_designs/ | https://www.linkedin.com/in/kayla-beehler-61691410a/,
bigtransformerbushings.com,+13304931890 | +13304931893,,
logansquarelaundry.com,,,
rustyskate.com,,,
apollostreams.com,+16147719981 | +18014926296 | +16147719982,https://www.facebook.com/Apollo-Streams-103638581396058 | https://www.instagram.com/apollostreams/,
reveportraits.com,,,
bc-hinger.com,,,
1stamc.com,+16264836281 | +18009444072 | +16264836280,https://www.facebook.com/1stAMC/ | https://www.linkedin.com/in/susan-and-manuel-perez-44933012,
kusbeautyusa.com,,,
jointguard.com,,,
aestatix.com,,https://twitter.com/aestatix | https://www.instagram.com/aestatix/ | https://www.linkedin.com/company/aestatix/,"323 West 39th Street Suite 709, New York, New York 10018"
sbstransportllc.com,,https://www.facebook.com/101932885163238 | https://www.instagram.com/sbstransportllc/,
randrdance.com,+18435039616 | +16569565698,https://www.facebook.com/676206005802894 | https://www.instagram.com/randr_dance/,"6417 Dick Pond Road Unit A, Myrtle Beach, South Carolina 29588"
theneedlehouse.com,+17135229704,,
fightguard.net,+17144575391 | +18773036180,,
studiobsalon.net,,,
sceniclandscaping.net,,,
pd2llc.com,,,
leahyfamilydentistry.com,+19193634207 | +19193634204,https://www.facebook.com/leahyfamilydentistry | https://twitter.com/LeahyDentistry,
techsynario.com,,,
abujaluxuryhome.com,,,
maquez-kennelz.business.site,,,
sacreativedesign.com,,//www.facebook.com | //www.twitter.com,
aspecialtouchflorist.net,,,
cotherix.com,,,
harmonystarkennel.com,,,
directjet.com,+18002995381,https://www.facebook.com/Direct-Jet-Charter-LLC-123777037688095/,
belozapp.com,,,
yjlashstudio.com,+12035481474,https://www.facebook.com/yjlash | https://www.instagram.com/yjlashstudio/,
romesportshalloffame.com,,,
sbmobilenails.com,+18055549029,,
homesforsalescv.com,,,
aristacons.com,+18578990009,https://facebook.com/delaware | https://twitter.com/delaware,
sanfranciscowinecenter.com,,,
galleongc.com,,,
simplicitymovers.com,,,
jadynbags.com,,https://www.facebook.com/jadynbags | https://www.instagram.com/jadynbags/,
tandoorrestaurants.com,,https://facebook.com/tandoorgrill | https://www.instagram.com/tandoor_indianslc?igsh=MXJnbXZvZGF4b3Bncw==,
motinidesigns.com,,,
boyettrecovery.com,,,
liverpoolchurch.com,,,
hbcofrochester.org,+12174913343,https://www.facebook.com/JesuslovesRochester/,
2020relining.com,,,
centralcoastmd.com,+18057393436 | +18055697567 | +18055426392 | +18054341491 | +18055467723 | +18054737670 | +18052963550 | +18054503322 | +18055697477,,
newasianjuyuan.com,+17635958888 | +16263043100,,"Directions - New Window (https://maps.google.com/maps?q=693%20Winnetka%20Ave%20N%2C%20Golden%20Valley%2C%20MN%2055427) | View larger map - New Window (https://maps.google.com/maps?q=693%20Winnetka%20Ave%20N%2C%20Golden%20Valley%2C%20MN%2055427&z=15) | 693 Winnetka Ave N, Golden Valley, MN 55427"
ticketsregina.com,,,
ohanacrm.com,+14157441583 | +14157441582,,
aether-multimedia-llc.business.site,,,
cowpaddyfudge.wordpress.com,+18133824158,,
tax-masters.net,,,
temploebenezerweslaco.com,,,
woodstocklodge246.org,,,
nu-imagepainting.com,,,
aroostooktechnologies.com,+12077629321,,
powersfamilymedicine.com,+12484826222,http://www.facebook.com/powersmedicine,
citadelurban.com,+12108984777,https://www.facebook.com/profile.php?id=61555742331720 | https://www.instagram.com/citadelurban/,"503 Richland Hills DriveSan Antonio, TX 78245 (https://goo.gl/maps/bbvuXvARW85YZxfM8) | 503 Richland Hills Drive, San Antonio, TX 78245 (https://goo.gl/maps/bbvuXvARW85YZxfM8)"
foxtrailerservice.com,+12544343927 | +15853858549 | +15853858548,https://www.facebook.com/foxtrailerservice/ | https://www.x.com/foxtrailer_,"3324 N US Hwy 377, Stephenville, TX 76401"
tashahmoore.com,,,
thermalpd.com,+17702032772,https://www.linkedin.com/company/thermalprocessdevelopment/ | https://www.linkedin.com/company-beta/22330394/,
daylilyhealth.org,+12485564556,https://facebook.com/daylilyhealth | https://www.linkedin.com/company/daylilyhealth | https://instagram.com/daylilyhealth,
burkeoppenheim.com,,,
southsidedentalcare-dentalclinic.business.site,,,
eringallagher.wordpress.com,+15244742438 | +15244145133 | +15244144441,http://www.facebook.com/pages/Chicago-IL/erin-gallagher-jewelry/136555849833?ref=ts | http://twitter.com/eringallagher,
successoilco.com,+18004519865 | +18189749623,,
wellbaum-apiaries.business.site,,,
themacks.wordpress.com,,,
nomadicbearproductions.com,+18314207008,https://www.linkedin.com/in/chris-mcgilvray-91204bb/ | https://www.instagram.com/nomadic.bear/,
emergencyinternational.org,,,
coopster.org,,,
hannacho.com,,,
tylerteaches.com,,,
jaredshavelson.com,,http://instagram.com/jaredshavelson | http://twitter.com/jaredshavelson,
86fest.com,,https://www.instagram.com/86fest/ | https://www.facebook.com/86FEST/ | https://www.facebook.com/CarsWithoutLimits/ | https://instagram.com/socalsd86/ | https://www.facebook.com/events/285767488297736/ | https://instagram.com/azfrs86/ | https://www.facebook.com/TeamTopakRacing,
platformtemizlik.com,,,
kathymetzinc.com,,,
clevelandheightsapartments.com,,,
verve-medical.com,,,
westtubingcompany.com,+18283898823,https://www.facebook.com/westtubingcompany | https://www.instagram.com/west_tubing_company/,
skinnerdaylilies.com,,,
shoplakebuoy.com,,,
erichedlund.com,,,
bathpeople.com,+16137894602 | +16137894601,https://www.facebook.com/bathpeople/ | https://www.instagram.com/bathpeopleco/,
airelibreavenue.com,,,
bubongstore.com,,,
pearlcorker.wordpress.com,,https://twitter.com/APompliano | https://twitter.com/SatohsiLite,
sullivanswcd.org,+18452926552 | +18452959073,https://www.facebook.com/profile.php?id=61558103647651,
tic-texas.com,+12812650402 | +12812650409,https://www.instagram.com/texas_inpatient_consultants/ | https://www.facebook.com/TICSugarLand/ | https://www.linkedin.com/company/texas-inpatient-consultants-lllp/,
tamalpaistaichi.com,,,
advance-tcc.com,,,
shmstudios.com,,,
id44.com,,,
highqualitypcs.com,,,
acornlawpc.com,+18054093878,https://www.facebook.com/acornlaw/,
laydomsouth.org,,,
drrokh.com,,https://www.facebook.com/DoctorRokh/ | https://twitter.com/dr_rokh | https://www.instagram.com/_dr.rokh_ | https://www.linkedin.com/in/parastoo-chamanrokh-ph-d-a647616a,
trihealthbalance.com,,,
imperiumstrategiesllc.com,+15519442890,https://www.facebook.com/ImperiumPublicStrategies/ | http://instagram.com/imperiumpublicstrategies | https://www.linkedin.com/company/imperium-public-strategies/,"1610 16th Ave S Nashville, TN 37212"
intfloors.com,,,
lawrencedy.com,+18584491253,,
ergoactives.com,,,
grpinsurance.com,+18776416677 | +15614487410,,
kellyhohlainteriors.com,,https://www.instagram.com/kellyhohla/ | https://www.facebook.com/hohlainteriors/,
highwaydistribution.net,+19512108167,https://www.facebook.com/boldthemes/ | https://twitter.com/bold_themes | https://www.instagram.com/bold_themes/,
tambasamba.design,,,
veritassynergetic.com,,,
snugharborca.com,,,
branchedoakmarina.com,,https://www.facebook.com/Branched-Oak-Marina-155307791173595/,
thejewishheritagefoundation.com,,,
timothylee.us,+14087400862,https://www.linkedin.com/in/timothylee-us/ | https://linkedin.com/in/timothylee-us,
bluestreakgrinding.com,+16023538088,,
brandibaileyphotos.com,,,
tsunamipolo.org,,,
genfreellc.com,,https://www.facebook.com/100137179118600 | https://www.linkedin.com/company/genfree-llc,
tangodown.com,,,"4720 N La Cholla Blvd # 180, Tucson, AZ 85705, United States of America (http://maps.google.com/maps?q=4720 N La Cholla Blvd # 180
Tucson, AZ 85705
United States of America)"
beautifulbodybabes.com,,,
brooklyntreecompany.com,,,
adaini.com,,,
burst-media.com,+12085739931,https://www.facebook.com/BurstMediaLLC/,
iambaldianastyles.info,,,
yourvibrantnutrition.com,+17328295146,https://www.linkedin.com/in/annette-o-neill-rdn-3182a5ba/ | https://www.facebook.com/Dietitianinfo/ | https://www.instagram.com/wellnessoneill/,
gentzlerelectric.com,+12143412890,,https://goo.gl/maps/ghv1hQdWXUp
skdesignbuildllc.com,+14067457500 | +14067457506 | +15207420457 | +15206222590,https://twitter.com/SK_Technologies | https://www.facebook.com/sktcorp | https://www.linkedin.com/company/s&amp;k-technologies/,
charlesmann-contracting.com,,,
moorecapitalservices.net,,,"52 Broadway Suite 3, Greenlawn NY 11740"
lgcountryschool.com,+18474384834,,
richardsservicecenter.com,,,
nefsvt.com,,https://l.facebook.com/l.php?u=https%3A%2F%2Ftinyurl.com%2FNEFS-Review%3Ffbclid%3DIwZXh0bgNhZW0CMTAAAR2MZ04anwLTflN7PakFVkg3mJg0jp5UitudS43BOj4Ooe0EBNOGZdUsxhY_aem_tiud7hH0vPa9Gqxz8_uwzw&amp;h=AT1F0EJEuRukQQKD82INrwaqfJ0n3TsXvMOuwtXuNHLGdPZpM90coNNxPQz8shXHfL4W-OBv4a_CNLVrGGtLAwoYQNbjZQCvULYybMMGGSHs_fGKwQwBCXBSxASzt3QFKsAk&amp;__tn__=R]-R&amp;c[0]=AT2VwuMB2rNfgTJh7izkEjZ4-yBt1W0jPw67qAg1kplGDJkTDwCSE_UVnp5uZrRorVmo_XFcDudZEqP9iYqO3KrWXsKePI0Z9ImTFOOBYsWEze78N6tUTGA6P6ALqWyekFeHcBgvTb6Ps-JbVfS1Gt_Dd29llQd5lZ6WdsVed3Vpl6l-StfJaZLS0hPWVhCiT9pu1BxWFtf0XmPX0-aS-BXnUqmU4gRXhyLaRg | https://www.facebook.com/NortheastFarmServices/ | https://www.facebook.com/NortheastFarmServices/?ref=hl | https://www.instagram.com/nefsvt/,
bergesenterpriseinc.com,,,
brilliantcityreiki.com,,,
innovativeinstruction.org,,,
citycenterwaco.com,+12547548989,https://www.facebook.com/downtownwacotx/ | https://www.instagram.com/wacodowntown/,
growthfutures.net,,,
amendedbeauty.com,+17194459706,https://www.facebook.com/hue32 | https://instagram.com/amendedbeauty | https://www.instagram.com/browbarinc_template/,
norconindustries.net,,,
asahisuperdry.com,,,
4v21.com,,https://twitter.com/share | https://twitter.com/richardwolffedc,
paysonhandyman.com,,https://www.google.com/url?q=https%3A%2F%2Fwww.facebook.com%2Fpaysonhandyman%2F%3Fref%3Dpages_you_manage&amp;sa=D&amp;sntz=1&amp;usg=AOvVaw00lBsIL37bVvNsYefyp_HP | https://www.google.com/url?q=https%3A%2F%2Ftwitter.com%2FHandymanPayson&amp;sa=D&amp;sntz=1&amp;usg=AOvVaw2OBFkntXs4uqe1QDv4Hequ | http://www.google.com/url?q=http%3A%2F%2Finstagram.com%2Fpaysonhandyman&amp;sa=D&amp;sntz=1&amp;usg=AOvVaw0XxJ0NDLvG0pT2n_8zA_Rp,
rebeccathebadass.com,,https://www.instagram.com/rebeccaekeating/,
hightechautoservicesantamonica.com,,,
laflosd.com,,,
epertase.com,,,
sushirawsf.com,,,
jasonheltonrealestate.com,,,
lifeofbtc.org,+18035490083,https://www.instagram.com/life.of.btc/ | https://www.facebook.com/Sterling-Council-605921499827431,
openairchair.com,+13037983220,,
wanakenapinecone.wordpress.com,+13153094040,https://www.facebook.com/profile.php,
cedarwork.org,,,
helixapartments.com,+17577603363 | +12147483647 | +17574102154,https://www.facebook.com/HelixApts | https://www.instagram.com/helixatsummitpointe/?hl=en,"Helix, 1510 Summit Pointe Drive, Chesapeake, VA 23320, Opens in a new tab (https://maps.google.com?q=1510 Summit Pointe Drive  Chesapeake,  VA  23320)"
elijahvest.com,,,
lassomd.com,+18884488149,,
janarose.us,,,
harlongroup.com,,,
qualifiedportablegarages.com,,,
reelsafarischarters.com,,,
rpuma.org,+13864679113 | +13865460426,,"106 Glenn Street, Crescent City, Florida 32112"
theceosalon.com,,https://www.facebook.com/theCEOsalon/ | https://www.instagram.com/theceosalon/,
enigomusic.com,,https://www.instagram.com/enigomusic/ | https://www.facebook.com/enigomusic/,
ogawadesign.com,+13094178129 | +17862201295,https://www.facebook.com/pages/Ogawa-Design-Agency/169976023547 | https://twitter.com/OgawaDesign,
bellevueisd.org,+19409282104,//www.facebook.com/bellevueisd,
lonepeakdoodles.com,+18583148332,,
mtzionbaptistrentz.com,,https://www.facebook.com/mtzion.baptistchurch.10/,
montereypeninsulaelderlyhome.com,,,
h-glogistics.com,,,
groundswellglobalresearch.org,+19494122247,http://linkedin.com/in/claywestrope | http://twitter.com/cwestrope | http://www.twitter.com/david_blazar,
harperfinancialassociates.com,+17814352000,,
yroox.com,,,
liveatmontclairapt.com,+18445991596,https://www.facebook.com/TheMichaelsOrg,
schoi.mit.edu,,,
denhamsflorist.com,,,
mtcdz.net,,,
drariatirakic.com,,,
evadoyle.com,,https://twitter.com/EvaDoyle916 | https://www.linkedin.com/in/eva-doyle-mba-4ab318a,
marketing-page-lindsey.vercel.app,,,
allyourblogging.com,,,
myzerly.com,,https://www.linkedin.com/pub/nic-edwards/36/a77/7a5/,
meroscience.org,+15412310164,https://www.facebook.com/MEROScienceProgram/,
floridaloansigning.com,,,
cifsds.org,+18582928165,https://twitter.com/cifsds/ | https://www.facebook.com/CIFSDS | https://www.instagram.com/cifsds/,Directions (https://goo.gl/maps/fTbDfLNuUnB6Gpom9)
lynnavo.com,,http://instagram.com/lynnavo | http://facebook.com/lynnavo,
centurywebdesign.net,,,
csquarednetworks.com,+18009920970,,
runlikeclockwork.com,,https://www.instagram.com/rlclockwork/ | https://www.linkedin.com/in/adriennedorison/,
avdtechnologies.com,+918348758478 | +13125985611,,
osalra.com,,,
wheelrepairphoenix.com,+16026882242,,
gallerycollage.com,,,
rollmanconyers.com,+18005718062 | +15139008858,,
mejina.net,,,
holehunterindustries.com,,http://linkedin.com/company/holehunterindustriesllc | https://www.facebook.com/HoleHunt1 | https://twitter.com/holehunterhhi | https://facebook.com/HoleHunt1,
nsea.org,+14024757611 | +14024752630 | +18007420047,https://www.facebook.com/nsea.org | https://twitter.com/nsea_org | http://www.instagram.com/nsea_org,
transtekautosales.com,,,
rjssigns.com,,,
kathrynanndesigns.com,+16137485171 | +16137485172,https://facebook.com/Kathrynanndesignsfun | http://instagram.com/kathrynanndesigns,
lorettola.org,+12134833013,https://www.facebook.com/lorettola | https://www.facebook.com/facebook,
ercc.biz,+13046361391,https://www.facebook.com/ElkinsRehabilitationandCareCenter/ | https://twitter.com/elkrehabcarectr | https://www.linkedin.com/company/15579798/,
themasker.com,,,
pdassociation.org,+18479869350,https://www.facebook.com/privatedirectorsassociation/ | https://twitter.com/privdirassoc? | https://www.linkedin.com/company/private-directors-association/,
harvardpsc.com,,,
logicworks.cc,,,
statelinekids.com,,https://facebook.com/statelinekids | https://instagram.com/stateline_kids | https://www.facebook.com/StatelineKids | http://www.instagram.com/stateline_kids,
rvcoc.org,,,
djs-general-service-llc.business.site,,,
kcsweep.com,+14175827853,https://www.facebook.com/SureGlowStoveandChimney | https://www.instagram.com/sureglowstoveandchimney/,
mrsbecerra.com,,,
pastashopfresh.com,+15105471423,https://www.instagram.com/markethallfoods | https://www.facebook.com/markethallfoods,
teitelbaumco.com,,,
whitwell-accounting-llc.business.site,,,
ambazoniafoundation.org,,,
hillartistry.com,,http://www.facebook.com/hillartistry | https://twitter.com/Linda_Hill | //facebook.com/hillartistry | http://www.linkedin.com/pub/linda-hill/1b/734/849/http://www.linkedin.com/pub/linda-hill/1b/734/849/,
mazalai.com,+15103096812,https://www.linkedin.com/company/mazalai-corp/ | https://www.facebook.com/mazalaicorp/ | https://www.instagram.com/mazalai_/,"3001 Bishop Drive, Suite 300, San Ramon, CA, 94583"
crazypokemiami.com,+17864017542,https://www.instagram.com/crazypokemiami | https://www.facebook.com/crazypokemiami,
spots.edu,,https://www.facebook.com/saintphotiosseminary/ | https://www.instagram.com/saintphotiosseminary/?hl=en/,
greenershinglessanantonio.com,,,
michaelskuceradentistry.com,,,
vitalaehealingarts.com,,,
executivecarservicelax.com,+18008781995,,
royalinvestmentgroupinc.com,,,
graphicmontzter.com,,,
kokuanutrition.com,+14254226895 | +18335630471,https://www.instagram.com/shelbyerin_rdn/ | https://www.facebook.com/Shelby-Slenkamp-MS-RDN-CD-104966600868165/?ref=aymt_homepage_panel&amp;eid=ARCMWWxltXCQuWS_9YoeGhtrDkGZLg0BO_ziJ0ZQBxJLmeYTlW0y7CtpKAQz9ZM0Rg7NBf8eFiy3wlH5,
caninereproductivecenter.com,,,
cepstone-llc.com,,,
ubercigar.com.au,,https://www.facebook.com/groups/680435820719649/ | https://www.instagram.com/ubercigar/,
bellocasa.com,+17329082232,,
magarc.org,,https://www.facebook.com/groups/497073537139477/,
defioptions.org,,,
tangles-salon.com,+19252400333,https://www.facebook.com/TanglesBrentwood | https://www.instagram.com/tangles_salon_brentwood,
vividsalonmadison.com,,,
torres-hvac.business.site,,,
quality-trucking.com,,,
strivelacrosseacademy.com,+18563048673 | +13025194257,https://www.instagram.com/strivelacrosseacademy/?hl=en,
chevrv.com,,,
thedoorse.com,,,
maiaschmidt.com,,https://www.instagram.com/maiaschmidtviolin/,
castor-group.com,,,
bettygb.com,,,
gov.aiogoconsultingllc.com,,,
goldenscrollsoloists.com,,,
unitedcloudtechnologies.com,+18452369109,,
analogique.com,,,
gametableadventures.com,+17402810195,https://www.facebook.com/gametableadventures/ | https://www.instagram.com/gametableadventures/,
abcbni.com,,,
reeleminbaitandtackle.com,+17725811027,https://www.facebook.com/Reel-Em-In-Bait-Tackle-657340811058678/,
royaltylandscapinganddesign.com,,,
truefablespottery.com,,,
annatietzhomes.com,,,
down-southmoving.business.site,,,
outervisionsdesign.com,,,
jbdecker.com,,,
cousineauforestproducts.com,+16034287155,https://www.facebook.com/Cousineaus-Forest-Products-162068540484123,
theconservancyproject.org,,,
carpetworkshopofohio.com,,,
